Temperature,0.0025,0.005,0.0075000000000000015,0.01,0.012499999999999999,0.015000000000000003,0.0175,0.02,0.0225
85.0,-1.3655970297927072e-06,1.1972524086911436e-06,5.00147786674661e-07,5.914374605163679e-08,-6.597623400288876e-07,-7.682448626071038e-07,3.0395168712194924e-07,-1.4414440848904926e-06,-1.3162330670525086e-06
86.0,-4.778574596989665e-07,2.674503783013878e-07,3.038658612960491e-07,8.431898685690766e-08,-1.7427788798762163e-07,-4.117882272738955e-07,3.583968728382289e-07,4.0197313805216145e-08,-2.364558108008436e-06
87.0,-1.1109137909173455e-07,-8.784820677139093e-07,-1.2316437069580969e-06,-5.942023837159811e-07,-3.838897289059728e-07,-6.754084930728243e-07,-3.922364379588256e-07,-2.0310384684914467e-07,-1.1532105880701827e-06
88.0,5.638396704217087e-07,-2.617421745509688e-07,-2.2631027677281363e-07,-1.4333753429084632e-06,-1.5945843944254688e-06,-1.2328570073890773e-06,3.7307045238230646e-07,-7.623816474926746e-07,-1.0260511759320232e-06
89.0,4.732346177099563e-08,-6.876081657821601e-07,-4.935177538249164e-07,-1.5225910870013664e-07,-7.673785944490962e-07,-1.65437157284101e-06,-1.1297287113919073e-06,-2.4626008287029513e-06,-2.001051148467142e-06
90.0,-1.204745359799564e-06,7.493984890350616e-08,-9.057126406758273e-07,-7.721935799295915e-07,-7.789813663303598e-07,-1.5793449301126285e-06,-1.1674958806171244e-06,-1.54341958264928e-06,-2.830477103138051e-06
91.0,-1.091942940405598e-06,-2.0246788759824878e-07,-3.3674201600287027e-07,-2.24783423113732e-07,-1.1116787628657584e-06,-2.258466633122916e-06,-2.3869360357746323e-06,-2.1253181924789918e-06,-2.5584628600651467e-06
92.0,-9.826728778261999e-07,-8.513801883870317e-07,-2.817079049235941e-07,-2.9207977742896386e-08,-9.62789524058259e-07,-1.2748402820782225e-06,-2.10648033779725e-06,-2.2880543422677716e-06,-2.2769894450838797e-06
93.0,-4.940586164416102e-07,-8.696236354544188e-08,-1.3020562222731599e-06,-1.4183806649452392e-06,-1.2950257654581392e-06,-2.015805102204495e-06,-2.0637323694636818e-06,-1.6788276888598274e-06,-2.1963017921371e-06
94.0,-1.41398629647255e-06,-1.6568539684983667e-06,-1.948873020095807e-06,-1.993266058407816e-06,-1.1332894634260534e-06,-7.92090528206125e-07,-2.0769335994084172e-06,-1.918671758142661e-06,-3.0232653643277277e-06
95.0,-6.311630906762201e-07,-8.557167623394608e-07,3.746205937914374e-08,-2.6556648102850404e-06,-1.1958466119517233e-06,-2.5862104989202463e-06,-1.5739485255338538e-06,-1.6860496075108325e-06,-2.524089991286967e-06
96.0,-7.284330830388906e-07,9.20903780635924e-07,-1.222345426618487e-07,-6.763356242903114e-07,2.1067956040886868e-07,-4.715706375617969e-07,-1.786526867335688e-07,-1.6551190980476457e-06,-4.624029158202103e-07
97.0,-2.936509378443212e-07,5.900978333801029e-07,7.55991613306688e-07,1.1421654478830693e-06,9.803962358869875e-07,7.011934686234154e-07,3.387871471913304e-07,-3.067705244240286e-07,1.5535814771684447e-06
98.0,1.0189263753356366e-06,6.802329149095012e-07,1.8425520073656527e-06,4.461120296485264e-07,1.5673917945195515e-06,2.211450350096118e-06,1.878358008160875e-06,2.618049959247467e-06,2.4912362362729374e-06
99.0,1.8574774988369904e-06,2.7795180091050713e-06,3.669727951474963e-06,3.1629545604167524e-06,3.7428442956081517e-06,4.3084802907915885e-06,5.414259762115228e-06,4.487558811435074e-06,3.7377207761053525e-06
100.0,1.7431390464613683e-06,4.252863697302175e-06,5.235682364273479e-06,7.0308902114388715e-06,7.270169014722791e-06,6.364461015723698e-06,5.98190120882968e-06,5.476342542631899e-06,5.046132873031939e-06
101.0,5.129990722647532e-06,6.9195720167552975e-06,8.486035701084231e-06,8.806666962947717e-06,8.31109273031766e-06,6.530090281775146e-06,5.5716573236109494e-06,3.94851904062715e-06,2.6071311994802793e-06
102.0,6.751255593694882e-06,9.65338817324059e-06,9.992604290310579e-06,8.59177983067842e-06,7.577172635168894e-06,5.047094972775691e-06,1.9416506070855428e-06,1.0733206823265261e-06,-1.9808746458205083e-06
103.0,9.290143435496163e-06,1.0218402223219877e-05,9.12925186400306e-06,5.621865000170365e-06,2.969648751250707e-06,4.435118103509041e-07,-1.6569360226761432e-06,-6.034586256171544e-06,-8.975780692505742e-06
104.0,1.093396922731989e-05,1.005142269390147e-05,6.922732273946574e-06,2.472214038334018e-06,-1.482269372893457e-06,-4.677332369570232e-06,-6.842906107553818e-06,-1.0751057921809107e-05,-1.3841229429403737e-05
105.0,1.2156316486751525e-05,7.806707410308526e-06,2.558486807656856e-06,-2.31995138526831e-06,-6.844324618417047e-06,-9.734600327853018e-06,-1.3542897561812538e-05,-1.6008453994083866e-05,-1.8796611166088022e-05
106.0,1.010330863340213e-05,3.1836408302207067e-06,-2.302956420199903e-06,-6.425689474614765e-06,-1.0188355294299018e-05,-1.3026839978327256e-05,-1.7120021923572226e-05,-1.8228093890248785e-05,-2.2293823053475775e-05
107.0,7.53294569877089e-06,-9.680725465648628e-07,-5.824125651227748e-06,-1.0375703738627852e-05,-1.237989474774986e-05,-1.600423527647606e-05,-1.8686444184857963e-05,-2.2235545437039352e-05,-2.3036766898332708e-05
108.0,4.400751442214935e-06,-3.0918404393106845e-06,-8.211015629659047e-06,-1.205479018748456e-05,-1.5593867587032823e-05,-1.8771915595347166e-05,-2.170299543269558e-05,-2.3886867003551646e-05,-2.5857290951573323e-05
109.0,-5.672781964848211e-08,-6.293617582902201e-06,-9.421715557272127e-06,-1.299218889286468e-05,-1.7262442343561816e-05,-1.951142635533608e-05,-2.4432015845380742e-05,-2.774512608837256e-05,-3.0295898725166435e-05
110.0,-1.5326808577264405e-06,-7.901138104980191e-06,-1.0901587669678351e-05,-1.4751053528953874e-05,-1.9479346119435356e-05,-2.327057214496888e-05,-2.6715008512682564e-05,-3.126340177051922e-05,-3.3924489016181074e-05
111.0,-4.665360209008554e-06,-9.830229597126651e-06,-1.191563041257003e-05,-1.7248108873222613e-05,-2.17568762644816e-05,-2.5525384042814396e-05,-3.058339101385231e-05,-3.424978364341715e-05,-3.72719596857153e-05
112.0,-4.835379924456486e-06,-8.941001540452693e-06,-1.4287892569756667e-05,-1.918681575085503e-05,-2.3731939238943558e-05,-2.8181723590048268e-05,-3.47617982931597e-05,-3.7518287200640476e-05,-4.2075069747783036e-05
113.0,-4.582405620570527e-06,-1.13106236056235e-05,-1.574643663457163e-05,-2.11666390192409e-05,-2.711415291812778e-05,-3.256214533130567e-05,-3.569709446062955e-05,-4.164268814089923e-05,-4.646839841016311e-05
114.0,-6.474681493807636e-06,-1.2162576653248924e-05,-1.7224764859495475e-05,-2.389471631201203e-05,-2.9438367097656884e-05,-3.537697412254621e-05,-4.0479473809156755e-05,-4.535297266761626e-05,-5.2059502006040806e-05
115.0,-7.2085116735560526e-06,-1.4636415598810503e-05,-1.9373962802594452e-05,-2.5783362700312913e-05,-3.277659367084781e-05,-3.790241626119236e-05,-4.431358310439597e-05,-5.147793848484818e-05,-5.725991932139984e-05
116.0,-8.331400653809553e-06,-1.5444266572413618e-05,-2.3638639395788976e-05,-2.902525990521477e-05,-3.656560538336337e-05,-4.239900089033159e-05,-5.031737510209512e-05,-5.546516105366502e-05,-6.222823869435194e-05
117.0,-8.189661557259363e-06,-1.7353292811899562e-05,-2.501242327111305e-05,-3.243223464397658e-05,-4.00938239550004e-05,-4.8754409314795695e-05,-5.4053885809462055e-05,-6.216594234106732e-05,-6.864838980794707e-05
118.0,-9.5021067480806e-06,-1.7013412289187614e-05,-2.7734761447651855e-05,-3.568483343822582e-05,-4.3952767532358934e-05,-5.2262245624854124e-05,-5.910871869410556e-05,-6.70536830668589e-05,-7.485960893001512e-05
119.0,-1.0430096406403631e-05,-1.9853084861454104e-05,-2.9764357045713875e-05,-3.892137661996428e-05,-4.798833029525323e-05,-5.584044879108389e-05,-6.492688946734175e-05,-7.391123993305477e-05,-8.234898400981928e-05
120.0,-1.1564604291152624e-05,-2.193706926249903e-05,-3.230026725866571e-05,-4.310174979393935e-05,-5.205543093292072e-05,-6.255768980913697e-05,-7.12742497018289e-05,-8.002253573390429e-05,-8.870472945944736e-05
121.0,-1.1571690740211793e-05,-2.48566200772566e-05,-3.51496497889802e-05,-4.607873085626936e-05,-5.635873819959961e-05,-6.81458917238565e-05,-7.781546023244768e-05,-8.835963681332715e-05,-9.50549515494683e-05
122.0,-1.3513139287941301e-05,-2.5853518523734557e-05,-3.814655481534594e-05,-5.060520091630136e-05,-6.169879057185778e-05,-7.418534176503864e-05,-8.479430047966603e-05,-9.461813641494483e-05,-0.00010547246508343872
123.0,-1.4695633126824756e-05,-2.9790012302180905e-05,-4.218906849106355e-05,-5.549243938942645e-05,-6.910627319124518e-05,-7.895329491755852e-05,-9.175992984110875e-05,-0.00010232096451423264,-0.00011316434620071678
124.0,-1.6245195887083736e-05,-3.154945340061718e-05,-4.64106813871016e-05,-6.076366114363381e-05,-7.482026724248552e-05,-8.64139664703676e-05,-9.815522064108522e-05,-0.00011077403875735765,-0.00012252061898308548
125.0,-1.8058523748319876e-05,-3.5146881307387655e-05,-5.0737605515827405e-05,-6.525438454259114e-05,-8.049306473917424e-05,-9.501840861437198e-05,-0.00010646823125164168,-0.00011937676697871755,-0.00013111383880089558
126.0,-2.019539934910681e-05,-3.7144736630067344e-05,-5.37026730596167e-05,-7.113611737406525e-05,-8.680277250471985e-05,-0.00010167117917688512,-0.00011580543565544022,-0.00012850953489598394,-0.00014067767123007282
127.0,-2.1475500092498012e-05,-4.1024990019144964e-05,-5.875425925864083e-05,-7.748873887557813e-05,-9.309265983953811e-05,-0.00010795833154072197,-0.00012357571313813452,-0.00013715051782476256,-0.00014920614576791768
128.0,-2.243506710920146e-05,-4.387066879761114e-05,-6.5012772824435e-05,-8.39202221347374e-05,-0.00010139673669688487,-0.00011756678694724368,-0.00013203690033847056,-0.00014675173804641996,-0.0001604067764636582
129.0,-2.6178467977461317e-05,-4.9011032757426114e-05,-6.893741314766966e-05,-8.991048526957249e-05,-0.0001080689779366181,-0.00012515525544428983,-0.00014254371243810953,-0.0001555708251604526,-0.00016914168450136977
130.0,-2.6851332159409692e-05,-5.311063202880938e-05,-7.483502824517331e-05,-9.731511523589209e-05,-0.00011592427330690224,-0.00013376666151151032,-0.00014971957592914355,-0.00016472669294605375,-0.00017936799550113895
131.0,-2.9767046973774074e-05,-5.610721541226801e-05,-8.066313063816332e-05,-0.00010326259418798064,-0.00012367821796369777,-0.0001422720732992112,-0.0001603167210388997,-0.00017550971268557425,-0.0001900660343164048
132.0,-3.155748088213994e-05,-6.0862436286232234e-05,-8.685823914589532e-05,-0.0001113254595127305,-0.00013266929084187305,-0.0001521363603674251,-0.00016992271612097107,-0.00018295649671460623,-0.00019916097180935235
133.0,-3.3050143406426705e-05,-6.509053416533367e-05,-9.29547341515654e-05,-0.00011800285707859967,-0.0001404826016078697,-0.00016163256173648652,-0.00017971150524001965,-0.00019544403477396457,-0.00020946159070137362
134.0,-3.678614283113052e-05,-6.971450639368795e-05,-9.903270150226927e-05,-0.0001272602480168705,-0.0001499738697402107,-0.00017053293844617674,-0.0001893885122197188,-0.00020487634969218444,-0.0002189118177826697
135.0,-4.022646264626084e-05,-7.43149452969747e-05,-0.0001065500217468933,-0.0001333594353602829,-0.0001571829428783967,-0.00017931157244233564,-0.00019829311683077403,-0.0002143190869484134,-0.00022904396502906787
136.0,-4.293286062224426e-05,-7.99355436309994e-05,-0.00011409913904956865,-0.0001419766125473411,-0.00016794873084302196,-0.00018867179580074535,-0.0002086701828542485,-0.00022446478382503993,-0.00023763332951060823
137.0,-4.613840349057999e-05,-8.66432540637853e-05,-0.00012107101699056064,-0.00014962046426036916,-0.00017756659960974436,-0.00019903124011896783,-0.00021686543874876053,-0.00023244684795821626,-0.0002462179165131485
138.0,-4.9195615454596364e-05,-9.188857521342164e-05,-0.0001284435027124494,-0.00015930294752592987,-0.000185418380506301,-0.00020718998129618386,-0.0002257560163009998,-0.0002414631403150526,-0.0002541191507445085
139.0,-5.240140960244007e-05,-9.738533796899886e-05,-0.00013639170590107468,-0.00016836780404422128,-0.00019318091394500297,-0.00021753790076868465,-0.00023489019473456443,-0.0002500821573142842,-0.00026274631773846174
140.0,-5.636356008161798e-05,-0.00010473244342291038,-0.0001436703460705235,-0.00017588409410406578,-0.00020327051762202464,-0.0002253736485401956,-0.00024349711575809705,-0.0002568579090371456,-0.0002685574515716585
141.0,-6.073412373411266e-05,-0.00011149770780046112,-0.00015167728840427615,-0.00018582407295266218,-0.00021184438811057906,-0.00023400461270756324,-0.0002508325229210749,-0.00026376140428664637,-0.00027430372698678793
142.0,-6.416122120121122e-05,-0.00011743806033797155,-0.0001595084527962479,-0.0001936385591969609,-0.0002225658618892423,-0.00024238622822306502,-0.0002586098457656661,-0.0002717618698724469,-0.00028057324596599404
143.0,-6.806999251303205e-05,-0.00012433501594472717,-0.00016767765601961371,-0.00020232063588572255,-0.00022993736679483056,-0.00025026400199346257,-0.00026668453475314703,-0.0002758590505444584,-0.00028401092202664824
144.0,-7.26447783821408e-05,-0.00013085476488940484,-0.00017606727506699505,-0.00021097954500560876,-0.00023763020577166632,-0.00025707642182752714,-0.0002719776957086559,-0.0002824809118931444,-0.00028743278037723306
145.0,-7.722738743235074e-05,-0.00013852425829923338,-0.0001847289752429446,-0.00021953269522219314,-0.00024573643178444905,-0.00026465397263825027,-0.0002764596063810692,-0.0002841502523142062,-0.0002892892741082699
146.0,-8.326032263195674e-05,-0.0001459248837344686,-0.0001929227660333077,-0.0002284520039239707,-0.0002530064325494513,-0.00027043066338551595,-0.0002811641983611691,-0.0002877985525553337,-0.00029151157774932255
147.0,-8.8417533577678e-05,-0.00015368085398478792,-0.0002023383115640655,-0.0002352443399710427,-0.0002598429047590846,-0.0002748507250065423,-0.0002850364238846688,-0.0002893687164333688,-0.0002909459694906371
148.0,-9.287520608408989e-05,-0.00016201382704186885,-0.0002097846726391477,-0.00024330029409871509,-0.00026683222244311286,-0.0002796445147631346,-0.00028908912674790495,-0.0002918463077087508,-0.0002917404808685644
149.0,-9.781332592747126e-05,-0.00016903980074167027,-0.00021783443374013642,-0.00025053504122722554,-0.00027222765741487915,-0.00028455048421252896,-0.00029043514579095447,-0.0002905544583086457,-0.0002882446553027999
150.0,-0.00010451701571999414,-0.00017626044006757488,-0.00022468411650352637,-0.0002574464142755139,-0.0002771737717056197,-0.00028688735249703947,-0.0002909728036800677,-0.00028937127708669264,-0.0002865605242976605
151.0,-0.00010938009288774166,-0.00018503714678152987,-0.00023309317761332953,-0.0002632503017077633,-0.0002821528390098636,-0.00029064925270148905,-0.00029163001448541197,-0.00028815623604583145,-0.0002818257915272561
152.0,-0.00011602109818451794,-0.0001919519654907651,-0.00023993741898508587,-0.00026952610267144054,-0.00028443913987590165,-0.0002916302574911898,-0.00029009339291494554,-0.00028572397336113485,-0.00027921133116427484
153.0,-0.00012115760206972196,-0.00020075577807029724,-0.0002484759341849612,-0.00027420394162874415,-0.0002874885061550043,-0.00029070589969034397,-0.0002891427915997179,-0.000282635215809533,-0.0002727832863958955
154.0,-0.00012784477743331792,-0.0002065669664204541,-0.00025420460480426034,-0.0002783491841626482,-0.00029045740794869857,-0.0002910749219657723,-0.0002862046044233987,-0.00027729757940494375,-0.00026608169217323945
155.0,-0.00013398883349341302,-0.00021540214761314042,-0.0002608676777696946,-0.0002818763244496905,-0.0002904934989385429,-0.0002888323512093275,-0.0002834710664966487,-0.0002718962428055654,-0.0002600285736512611
156.0,-0.00014035777497476432,-0.00022130277033950702,-0.0002660257810469148,-0.0002858993965580161,-0.00029195265983084643,-0.00028831555447053267,-0.0002777243093800617,-0.00026667019377870445,-0.00025285499112832416
157.0,-0.00014643528072200008,-0.00022786636276152936,-0.00027060516225148323,-0.00028755126442996955,-0.0002912719318928138,-0.00028526235489765645,-0.0002729748940906543,-0.00025999858586537146,-0.0002444959892845422
158.0,-0.00015275237775689483,-0.0002356122667650191,-0.00027509306830947436,-0.0002901284262665144,-0.00029050768139532955,-0.00028209267638689225,-0.0002665436077259499,-0.000252172331109851,-0.0002357843163724558
159.0,-0.00015956727844722537,-0.00024151326122997968,-0.0002798035394240871,-0.00029098856350367753,-0.00028823094655195877,-0.00027629605785743573,-0.0002624637446018377,-0.00024480184710045635,-0.00022712484842855968
160.0,-0.00016662618957413903,-0.00024887273199351466,-0.0002831684649134468,-0.0002917398360043924,-0.0002838103025007021,-0.00027038047007183565,-0.00025441717575002846,-0.00023664084632202191,-0.0002180254744738631
161.0,-0.00017406891100064378,-0.00025538909291953184,-0.0002858116952069923,-0.0002899176263407313,-0.0002809684487201202,-0.00026519770210862835,-0.0002471045787221345,-0.00022841518556651123,-0.00020877949631316442
162.0,-0.00017923777892438225,-0.00026033712745345873,-0.0002882497359600199,-0.00028963417787327236,-0.0002788082589633948,-0.0002598481997699949,-0.00023878945395644865,-0.00021767577509156932,-0.0001999383567631846
163.0,-0.0001865504090705392,-0.00026708413163128585,-0.00029029227758704015,-0.0002878697171123918,-0.0002729859761946005,-0.0002515981906528647,-0.0002300664610340916,-0.00021055212801812176,-0.00018996758453333363
164.0,-0.00019374875405142475,-0.0002704101439726966,-0.00029180243656557554,-0.0002867663849683444,-0.00026716660235812995,-0.00024532296680226565,-0.00022289790745902324,-0.0002002331485753943,-0.00018016728656028533
165.0,-0.0001999534473143695,-0.0002754709985628071,-0.0002924634615788734,-0.000282162645745819,-0.00026114885858842475,-0.00023728192460162277,-0.00021340732700152046,-0.000190519499100806,-0.00017033959187434363
166.0,-0.0002075631670242635,-0.00027985416214581084,-0.0002920064315777012,-0.00027737225880640796,-0.000255160299586597,-0.00022871516085586313,-0.00020398636240444393,-0.00018181196193357293,-0.0001612227642784317
167.0,-0.00021314600807769793,-0.00028320895554187253,-0.00029023260874588255,-0.00027422951135155265,-0.0002464437558552835,-0.00022164946530457574,-0.00019547069127860174,-0.00017241146597009159,-0.0001521666651412206
168.0,-0.00021976807740113928,-0.0002865617805369162,-0.0002890979030836072,-0.0002681078917478133,-0.0002410664182859884,-0.0002131682169815177,-0.0001855645617313932,-0.00016349121553117392,-0.0001435540430009165
169.0,-0.0002274733824698882,-0.00028764639281214654,-0.00028613405465115893,-0.0002624685965935408,-0.00023308204488594464,-0.00020452034781570273,-0.00017856445777470828,-0.00015556087684738066,-0.00013462674366687132
170.0,-0.00023206573514757272,-0.00029025431232805983,-0.00028453346681060987,-0.00025673016741437147,-0.00022452655821440697,-0.0001959913462807264,-0.00016855366014378013,-0.00014485543396351768,-0.0001254612167714944
171.0,-0.0002385261854326932,-0.0002898369826351914,-0.00028028891517966795,-0.0002497745948161288,-0.00021820349043304507,-0.00018740755853894505,-0.00015994757814357942,-0.00013678154162008495,-0.00011637952818761016
172.0,-0.00024520985784605046,-0.00029171754894330307,-0.0002770810567811541,-0.0002441576067262086,-0.00021014485167869426,-0.00017748263333989826,-0.00015081325888431798,-0.00012886303632290007,-0.00010920984027731441
173.0,-0.00024988317283857094,-0.000291962473718641,-0.00027184885209314695,-0.00023570188151939692,-0.00020094885502310825,-0.0001697425511803623,-0.00014182451263708423,-0.00011942154323760134,-0.00010211512737563667
174.0,-0.0002558402043205165,-0.0002926206016114511,-0.0002677237306394578,-0.00022944898578502955,-0.00019344920247628817,-0.00016053278818913027,-0.0001350398837348742,-0.00011208247473915237,-9.481680442494577e-05
175.0,-0.00026017178761392456,-0.00029049575150494735,-0.00026285484124143055,-0.00022088177208936814,-0.00018463925169068696,-0.0001522169414866665,-0.00012602832696946066,-0.00010532664167047266,-8.854776954557934e-05
176.0,-0.00026536642489205395,-0.00029037929769866455,-0.00025615120370193925,-0.0002145211323411256,-0.00017571703094889228,-0.00014503882404519298,-0.00011817286340614915,-9.788645597533781e-05,-8.226332498798033e-05
177.0,-0.00026996479070474385,-0.00028690861788351036,-0.00025047406874909603,-0.00020598568578891472,-0.00016721486047191692,-0.00013648627696769718,-0.00011308257415972282,-9.082095734806758e-05,-7.601231493469343e-05
178.0,-0.00027309811282924453,-0.00028413849517321317,-0.00024392510370550778,-0.00019966669953978285,-0.00015980827231944813,-0.00012953526373415361,-0.00010509811792510249,-8.58221024761564e-05,-7.087387251347659e-05
179.0,-0.0002779049691133559,-0.0002815929810271134,-0.00023761398399159078,-0.00019080926576669197,-0.00015198085972158623,-0.0001222815924126573,-9.962183806504408e-05,-8.042812957964463e-05,-6.561849397420417e-05
180.0,-0.0002806495594221075,-0.0002783029613516748,-0.00023070609963277302,-0.00018297845496126572,-0.00014373195985599728,-0.00011633086757245968,-9.336760490489582e-05,-7.553178146424697e-05,-6.136062488667354e-05
181.0,-0.00028462318223796947,-0.0002748814275461155,-0.00022344593540700127,-0.00017588086557405948,-0.00013664473029838297,-0.00010827789176061295,-8.694784860219992e-05,-7.04091851940376e-05,-5.860906496657755e-05
182.0,-0.0002873433562100279,-0.0002709300234551171,-0.00021610115037230346,-0.00016849137744814457,-0.00013028418718785472,-0.00010235220965057756,-8.199980506232975e-05,-6.753518510890838e-05,-5.470487095714537e-05
183.0,-0.0002895275574591255,-0.000266421099950392,-0.00020878305069660196,-0.00016191239591785544,-0.0001228597698335845,-9.656193888124034e-05,-7.678421146044162e-05,-6.184717646928716e-05,-5.1239784805793617e-05
184.0,-0.0002909104879214268,-0.00026083405484374916,-0.00020177446025552233,-0.00015426600949806034,-0.00011712340150230365,-9.200115158078008e-05,-7.283913972094187e-05,-6.098333211318086e-05,-5.150269464180249e-05
185.0,-0.0002924904282329294,-0.0002564218501512832,-0.00019501677525112548,-0.00014645523246441196,-0.00011173648908781696,-8.678166103908363e-05,-6.954339383202336e-05,-5.835117501400385e-05,-4.8801013214407896e-05
186.0,-0.0002935064113063985,-0.0002515145370883835,-0.00018851494542925981,-0.0001395043106800867,-0.00010550156786818212,-8.263323714487948e-05,-6.678241822505531e-05,-5.576233075958476e-05,-4.877694938011176e-05
187.0,-0.00029408339042327736,-0.0002456075123225267,-0.00018212401782834417,-0.00013394083015322417,-0.00010129051836050377,-7.819558582789537e-05,-6.408890035062054e-05,-5.368315988271869e-05,-4.8520386345497115e-05
188.0,-0.00029521582027388493,-0.00023944724748014396,-0.00017491296590362308,-0.0001267282541751953,-9.590221362771479e-05,-7.491459585113499e-05,-6.0652807979071833e-05,-5.376096618406596e-05,-4.758148342298837e-05
189.0,-0.00029422402553081037,-0.00023415807503266592,-0.00016831474245765455,-0.00012296202128699667,-9.221609737173818e-05,-7.13606541146803e-05,-6.00337823468708e-05,-5.306351237638019e-05,-4.913587609026287e-05
190.0,-0.0002941079762873991,-0.00022868040093444505,-0.00016238630188684602,-0.00011656684606609721,-8.794911772858398e-05,-6.976977239630657e-05,-6.018040658607785e-05,-5.428636659842042e-05,-5.114593827712394e-05
191.0,-0.00029316215667972244,-0.00022229829038945232,-0.00015713275047179675,-0.00011272711995117485,-8.4231849053494e-05,-6.804203347733051e-05,-5.7993507819889735e-05,-5.390390948048998e-05,-5.2232638381915734e-05
192.0,-0.000291431201139247,-0.00021622953924010677,-0.00015004460384178135,-0.00010794875161163087,-8.164119974487362e-05,-6.765664013548739e-05,-5.85432464232298e-05,-5.5826883787921485e-05,-5.6322079384317845e-05
193.0,-0.0002890240473200056,-0.0002114654069158454,-0.00014400660925666204,-0.00010477546802036381,-7.907590010229745e-05,-6.731042513104108e-05,-6.003707615976548e-05,-5.812131378650982e-05,-5.868713904493647e-05
194.0,-0.0002879419265164176,-0.00020421719244241527,-0.00013987340093823145,-0.00010039436588607121,-7.915900980901684e-05,-6.817127967616947e-05,-6.120965768553002e-05,-6.097634702192496e-05,-6.249664571857851e-05
195.0,-0.00028532397516332594,-0.00019693019739220444,-0.00013507747646520634,-9.709675556307767e-05,-7.702826712836433e-05,-6.740473951066472e-05,-6.34776676685991e-05,-6.374556086836112e-05,-6.606890878388323e-05
196.0,-0.00028372851982752376,-0.00019365022850114616,-0.00012947110062442766,-9.404625478607669e-05,-7.575450985938543e-05,-6.724143102534245e-05,-6.715874404614875e-05,-6.656479123947701e-05,-7.086485454648986e-05
197.0,-0.00028263146086699955,-0.00018745189335907367,-0.00012577416271197494,-9.205488354764977e-05,-7.626831913729474e-05,-6.908726378080237e-05,-6.913310673330075e-05,-7.22481905206121e-05,-7.605669167361525e-05
198.0,-0.0002783722222149613,-0.00018177422135075047,-0.0001222452927757065,-9.196255843182292e-05,-7.588831766121633e-05,-7.294715332021092e-05,-7.297648198466499e-05,-7.704511734131157e-05,-8.094151176865256e-05
199.0,-0.00027574767772922,-0.00017663806135710352,-0.00011936647478012802,-9.007959856148506e-05,-7.925032137977318e-05,-7.508594355945393e-05,-7.698987299548481e-05,-8.19183293255404e-05,-8.718054938068301e-05
200.0,-0.0002714087808505083,-0.0001721914050371334,-0.00011581728970071697,-8.967132450038704e-05,-7.900138278347427e-05,-7.949324541663544e-05,-8.322912805499974e-05,-8.695335188122169e-05,-9.534649746677242e-05
201.0,-0.00026832802944290165,-0.00016624153425760988,-0.00011403717568527914,-8.9456647685352e-05,-8.152285646513966e-05,-8.216180571841235e-05,-8.652900477444452e-05,-9.461618728590054e-05,-0.00010151703175184697
202.0,-0.0002649829988962669,-0.00016345811727694437,-0.00011195471385424817,-9.151044744005247e-05,-8.465403601363506e-05,-8.797939766069934e-05,-9.350425425001746e-05,-0.00010072549390799384,-0.00011017990940468876
203.0,-0.00026168721353770133,-0.00015931932188976202,-0.00011051837704749178,-9.20796857075513e-05,-8.932959803670558e-05,-9.227111773302365e-05,-9.924821417600143e-05,-0.00010737878017347175,-0.00011742081142978434
204.0,-0.0002567486458684677,-0.00015656310061774292,-0.0001090442976808364,-9.37583419604779e-05,-9.222414588711851e-05,-9.761004917966763e-05,-0.00010641025365318603,-0.00011601701010174111,-0.0001267442108101588
205.0,-0.0002535659696264659,-0.00015143844068722252,-0.00010991874847580578,-9.620786610055428e-05,-9.68912993568037e-05,-0.00010369726489069043,-0.00011333844747224504,-0.00012448017185809934,-0.00013406750802196995
206.0,-0.00024968351300329983,-0.00014929578500958975,-0.00010924714909188752,-9.898131399004645e-05,-0.00010239554809229448,-0.00011146127639365977,-0.00012094753847423228,-0.00013251736785010226,-0.0001446375604792274
207.0,-0.0002445781438209735,-0.00014570626388529077,-0.00011039001253235691,-0.00010271874467402584,-0.00010713367374993298,-0.0001179788167134898,-0.0001298788650627221,-0.0001418007757206992,-0.0001530126340673693
208.0,-0.00024224744359195474,-0.0001441931860868029,-0.00011185466912112251,-0.0001071942326772078,-0.00011407704666555288,-0.00012478339468681004,-0.00013757899198776422,-0.00014921331822135493,-0.00016066383219050142
209.0,-0.0002378805413696198,-0.0001425699505440614,-0.0001137111340817193,-0.0001116668409416882,-0.00012095285159647096,-0.00013318136904173888,-0.00014724284649945385,-0.00015952384226017175,-0.00017100299955870513
210.0,-0.0002342910494892844,-0.00014191497621281874,-0.00011594897358994817,-0.00011689506462260841,-0.00012698619522985428,-0.0001411579726324447,-0.00015564235194141606,-0.0001688834162431789,-0.00017971066400930902
211.0,-0.00023081669472254363,-0.00014050763501096365,-0.00011779980514306836,-0.00012165365241278381,-0.0001342395007090596,-0.00015003475858518765,-0.00016516285765351632,-0.00017752355071317983,-0.00018940781795635323
212.0,-0.00022798354391843993,-0.00014076974735979954,-0.00012133373463607647,-0.0001289197124127194,-0.00014313184044919362,-0.0001580707926379308,-0.0001726599580625909,-0.00018747025127448925,-0.00019876365988901804
213.0,-0.00022368541371951123,-0.00014170139010642938,-0.0001258133767190082,-0.00013506864751738952,-0.0001496870185035093,-0.00016837434945901535,-0.00018260199075122505,-0.00019507589440059006,-0.00020618796662558262
214.0,-0.0002211329604663763,-0.00014170759884858823,-0.00012991441356417435,-0.00014170937965332615,-0.00015819321516532606,-0.00017589580378700863,-0.00019129167728292778,-0.00020418497242704082,-0.00021533496669630435
215.0,-0.00021867541167841718,-0.0001428208356423829,-0.00013557210401580217,-0.00014905339577948046,-0.000166832052823102,-0.00018413013373627017,-0.0002004555763096316,-0.00021248217129899585,-0.00022289387593612712
216.0,-0.00021665733202354425,-0.00014476653946489867,-0.00014148687041312658,-0.00015511110638862484,-0.00017526693536718257,-0.0001925314540237498,-0.00020773624466618377,-0.00021999846645495225,-0.00022948947326851055
217.0,-0.00021271685886817883,-0.00014768286785939706,-0.0001475772877888777,-0.00016518096167474617,-0.00018470807491123356,-0.00020149033515069577,-0.0002154789646913494,-0.00022694280961785116,-0.0002349735745622892
218.0,-0.00021194748040799597,-0.00014985174396182216,-0.00015294032484071534,-0.00017189294963345484,-0.00019069137682254378,-0.0002100549738501636,-0.0002223263502973936,-0.00023323709384290934,-0.00024061849146231605
219.0,-0.00020990204843379054,-0.00015302238301820152,-0.00015988482195794464,-0.0001797935374042945,-0.00020015606556748859,-0.00021670862199599288,-0.00023047653794851955,-0.00023816302522788538,-0.0002448474890713947
220.0,-0.00020862013735078896,-0.00015805990196311783,-0.00016578593131807873,-0.00018838604384976686,-0.00020786408646792946,-0.00022393519320773362,-0.0002348089549669363,-0.00024316792823847978,-0.0002467715830419639
221.0,-0.00020630373638180852,-0.000159323638464417,-0.00017347830629345153,-0.0001956531091652478,-0.00021549177274184363,-0.00023088679905172688,-0.00024007952356896943,-0.0002459137675906212,-0.00024904022704362117
222.0,-0.0002071592551865134,-0.00016501076104854156,-0.00018166418675689603,-0.0002035800446099784,-0.0002223813947273323,-0.00023497505997890575,-0.0002442120508718268,-0.00024757752047924794,-0.00024890987113727523
223.0,-0.00020648537276504223,-0.00016992680240300828,-0.00018758763756754554,-0.0002115046110778101,-0.00022801429354965246,-0.0002403255764173355,-0.000247531184201905,-0.0002488039640962589,-0.0002484634384609407
224.0,-0.00020638796889034755,-0.00017473875986818052,-0.0001941702686973783,-0.00021700670017666199,-0.0002348567687597493,-0.00024499012137319296,-0.0002490799110712328,-0.00024938090751960303,-0.0002461542144357416
225.0,-0.00020658304226502325,-0.00018108308793857487,-0.00020146229488909862,-0.0002244898490086284,-0.0002400095085670584,-0.0002467056503366929,-0.0002493031297561044,-0.0002475355089074124,-0.000240752857647243
226.0,-0.00020668060922286112,-0.00018688368585304403,-0.00020888438876005358,-0.00022967372357367337,-0.00024363284134996794,-0.00024864250293264885,-0.00024762147404623657,-0.0002441015323421723,-0.00023674902784279585
227.0,-0.00020875966285949699,-0.0001903799912114495,-0.00021411241944075467,-0.00023471898723952887,-0.000246404145536917,-0.00024877694729945094,-0.00024582867877436253,-0.00023986788936509695,-0.00023021181331497743
228.0,-0.00021046798664424101,-0.00019778593994211922,-0.00022158449011380643,-0.00023986510143529755,-0.0002484053592960235,-0.00024806305560124136,-0.0002433643054635498,-0.00023529924443838708,-0.00022294393010646038
229.0,-0.0002114466366615225,-0.0002043569199533848,-0.00022716782573469326,-0.00024350474357293656,-0.00024981146312608,-0.00024600113662600427,-0.000239112981686723,-0.00022687567178596762,-0.00021542000854039243
230.0,-0.000212579351072496,-0.00020851936955587372,-0.00023359898077590836,-0.0002461708419044804,-0.0002493666144624374,-0.00024394254304534565,-0.00023211548171472724,-0.00021915381085031341,-0.0002038146236629752
231.0,-0.00021632852653569824,-0.00021524963474603764,-0.00023698611154842356,-0.0002485622470721743,-0.00024742203911960487,-0.00023829462048956753,-0.0002247946639251865,-0.00020961399133198155,-0.0001936498105030735
232.0,-0.00021756590499632305,-0.00022012924223525175,-0.00024303904146526274,-0.0002494005962100037,-0.00024368607426710783,-0.00023386676577059735,-0.00021796080889694517,-0.00020044288194841518,-0.00018224385342092132
233.0,-0.00022246659889391793,-0.00022649584624251463,-0.0002457125049364536,-0.0002488450592733716,-0.00024086350287370805,-0.00022540232752733583,-0.0002079727454854589,-0.00018948633291879886,-0.00017105755681070338
234.0,-0.00022460680141318942,-0.0002328073463969854,-0.00024743437211067413,-0.0002473275763864674,-0.00023575344035476568,-0.0002187831424474474,-0.00019877435676030316,-0.00017840561593830925,-0.0001577875402255207
235.0,-0.00022792289350211122,-0.00023728272742795634,-0.0002492625054966084,-0.0002456500060401056,-0.0002295425058829185,-0.00020811633208807695,-0.0001878338258119261,-0.00016531362081105924,-0.00014395982706571223
236.0,-0.00023095258795487354,-0.00024074626410834908,-0.00025056656164457316,-0.00024228723738857052,-0.00022252309044320308,-0.00019998791559686668,-0.00017530203200355772,-0.00015183033937626257,-0.00013075973034028636
237.0,-0.00023347185963865617,-0.00024444129056914283,-0.0002490638941534128,-0.0002373089708912134,-0.00021551597243933644,-0.00018987793587257694,-0.00016434160254702362,-0.00014005485877866463,-0.00011699850886640976
238.0,-0.00023940034318405715,-0.000248083840321011,-0.00024778704156191343,-0.00023080085455404206,-0.00020699660107704223,-0.0001779467642666362,-0.00015122640111350745,-0.0001261756740397875,-0.00010285439986868841
239.0,-0.00024214028882255282,-0.0002516732579887931,-0.00024615572477317433,-0.00022291604948035116,-0.00019648793277272255,-0.00016638225668963582,-0.00013825164443354422,-0.0001123917233267462,-8.926579954755427e-05
240.0,-0.0002458420221112187,-0.0002526111141435813,-0.0002423844791078639,-0.00021590250237985966,-0.0001848729193875725,-0.00015406749927589282,-0.00012546274962382158,-9.910009750936789e-05,-7.451358978636925e-05
241.0,-0.000249065436725242,-0.0002522068274460752,-0.00023787178405096354,-0.00020819245103162953,-0.00017467158580329175,-0.0001414118037626718,-0.00011148539853326324,-8.567435111215973e-05,-6.156892878361728e-05
242.0,-0.00025316794412883744,-0.0002536429599034954,-0.00023214606864035777,-0.00019892131687382808,-0.00016314248100352894,-0.0001282131990547887,-9.913061893889893e-05,-7.023453241403951e-05,-4.813599744018372e-05
243.0,-0.0002558357800534477,-0.00025048244385052307,-0.00022651963179852295,-0.00018863715447710222,-0.00015108523307588774,-0.00011656811664253358,-8.299658743126161e-05,-5.735997200805187e-05,-3.3108979016053145e-05
244.0,-0.00025950386209806623,-0.0002515399605947399,-0.00021749689225353618,-0.00017925906859531207,-0.00013707918709172034,-0.0001010430154899953,-7.032341730255003e-05,-4.400198014728703e-05,-2.0822790244694025e-05
245.0,-0.00026315313887796145,-0.00024828003068371997,-0.00021194622547531173,-0.0001662536945942101,-0.00012625198319960712,-8.741380036390663e-05,-5.643181074976246e-05,-3.147383805284788e-05,-7.835383697103299e-06
246.0,-0.0002642564421761926,-0.00024478907961551256,-0.0002021516667471455,-0.00015527937299161066,-0.00011173213062149308,-7.511017418078076e-05,-4.5563870580878794e-05,-1.863088387079464e-05,4.246317822163716e-06
247.0,-0.0002668142660343655,-0.00024026887682395835,-0.00019204171188294476,-0.00014276985414811565,-9.877570662345765e-05,-6.238985511406668e-05,-3.089765752367514e-05,-6.087577698881469e-06,1.740421183856843e-05
248.0,-0.0002682060433823805,-0.00023482077618605313,-0.00018265728551485402,-0.0001302713554324039,-8.620033792713248e-05,-4.94363018218452e-05,-1.8174722206675447e-05,7.179608050712557e-06,2.878638477754585e-05
249.0,-0.00027030086968988907,-0.00022881533942885026,-0.0001713012885365206,-0.00011836980986569952,-7.24775988623364e-05,-3.61753360969195e-05,-6.600522294004673e-06,1.9368437951897348e-05,4.029415848043534e-05
250.0,-0.0002705223428374636,-0.00022113130264434457,-0.00016045739618272017,-0.00010515575757229388,-5.9723337425522775e-05,-2.327627034804249e-05,5.115053380740362e-06,3.0441544372969132e-05,5.082137690096507e-05
251.0,-0.00027086571083189504,-0.00021353815266485769,-0.00014835689354198353,-9.181377341593142e-05,-4.6714133025686705e-05,-1.1886432371696129e-05,1.7721670581481218e-05,4.1367092133563717e-05,6.101236680593159e-05
252.0,-0.0002706986228361316,-0.00020612001840586034,-0.00013750175673328877,-7.92132580605203e-05,-3.517649712003864e-05,1.431395196090487e-06,2.972471926550755e-05,5.2571821698932334e-05,7.183634388902573e-05
253.0,-0.0002682601109565263,-0.00019647845008043767,-0.00012505428044400947,-6.627856276186724e-05,-2.2098012208761523e-05,1.2766847009106193e-05,4.046579001486042e-05,6.271467438099809e-05,8.128158217761881e-05
254.0,-0.00026541038205348146,-0.0001874454236374554,-0.000112333096947246,-5.425381799364249e-05,-9.562488111386633e-06,2.3379251844891e-05,5.11714831652642e-05,7.314106865133142e-05,9.206891457310345e-05
255.0,-0.0002632113213301621,-0.00017673229053879528,-0.00010155679806069312,-4.142075794946252e-05,1.8184990553564826e-06,3.496251659335703e-05,6.107605491955477e-05,8.309379002663382e-05,0.00010214514332712766
256.0,-0.0002597367270228936,-0.0001670617686790337,-8.85145410051301e-05,-2.8176915432351185e-05,1.3223589302825747e-05,4.527689504292171e-05,7.180629768822373e-05,9.15845405858764e-05,0.00010955145098130706
257.0,-0.00025547009613949675,-0.00015505726622957924,-7.533384002540686e-05,-1.8016498970977443e-05,2.4244364214760832e-05,5.6136919309832604e-05,8.132975834634337e-05,0.00010034230650166484,0.00011994098079537652
258.0,-0.0002508651412507886,-0.00014384773271791,-6.259256035951127e-05,-6.292217981018389e-06,3.422706087624842e-05,6.650128446247134e-05,9.036171402403038e-05,0.00011118131535939546,0.00012724297598064213
259.0,-0.0002455597379187403,-0.00013262956759515742,-5.1098707806840704e-05,5.532816619947653e-06,4.597695960790212e-05,7.59074537681719e-05,9.880346188975905e-05,0.00011909017395005281,0.00013523039756961584
260.0,-0.00023820140493963752,-0.00012050460553170306,-3.918975278015005e-05,1.6267059472444058e-05,5.566310446844672e-05,8.481889906313132e-05,0.00010813503720353224,0.00012730960003367328,0.00014496506570164445
261.0,-0.00023229599347914106,-0.00010844711776041743,-2.7645160954131236e-05,2.7389046357057917e-05,6.490011595208045e-05,9.416873420169065e-05,0.00011609272728528771,0.00013632494662332932,0.00015347827599379154
262.0,-0.00022358890405071833,-9.703330898484456e-05,-1.6009263287241234e-05,3.6771477492982055e-05,7.408764334117186e-05,0.00010213370023928089,0.0001254801679611023,0.0001448163110859286,0.00016186782787573053
263.0,-0.0002152380422324127,-8.522643806113899e-05,-4.714717330500596e-06,4.7899938170902344e-05,8.399916561789309e-05,0.00011080632291061429,0.00013372711964279626,0.00015367117883021051,0.00017092158715411015
264.0,-0.0002067452918144779,-7.413701047543626e-05,6.505671449276476e-06,5.63855001218876e-05,9.392575328867051e-05,0.0001195650412353207,0.0001412224914859665,0.0001613179911871177,0.00018005356918960114
265.0,-0.0001977350499990636,-6.16829688279087e-05,1.7559440440902444e-05,6.596287376847145e-05,0.00010122813031776007,0.00012701097358982328,0.0001511750622746844,0.00017009933043789043,0.00018799816384348157
266.0,-0.00018854954793618214,-5.066715514673289e-05,2.7206848424939086e-05,7.531976963055204e-05,0.00010957982801121667,0.00013662342090279913,0.00015849137503077173,0.00017825813630504775,0.0001982516957790293
267.0,-0.00017928603591012824,-4.029573982747802e-05,3.612891105296749e-05,8.494015458745973e-05,0.00011777381669146124,0.00014458641862442632,0.0001688065107640166,0.000188209741442891,0.00020486026925601886
268.0,-0.0001696407751250157,-2.8951397690981405e-05,4.687409003061691e-05,9.354972014318027e-05,0.00012615862999134286,0.00015255969487597057,0.00017660407837985105,0.00019586307410179697,0.0002143694237352672
269.0,-0.00015730860610667095,-1.684793659369454e-05,5.592170251799019e-05,0.00010128782844493625,0.00013448672428227276,0.00016034404713291805,0.00018472177777865674,0.00020542695295473138,0.00022490844003776315
270.0,-0.00014918659116432725,-6.934703410646777e-06,6.529561852611136e-05,0.00010872420496388926,0.00014260877905455471,0.00016957491963991652,0.00019330124432760039,0.00021423871928076766,0.00023266399856395427
271.0,-0.00013667941318279748,3.3732439167144005e-06,7.444342090535452e-05,0.00011801300081403948,0.0001514021748302142,0.00017777961352871682,0.00020131961778049686,0.00022266841184139988,0.0002441791398671215
272.0,-0.00012551689834100314,1.4329237149418444e-05,8.302159674837952e-05,0.00012571306123464467,0.00015823408933147341,0.00018578910214926643,0.00021032975206998285,0.000232581209545176,0.00025203347752832865
273.0,-0.00011421070884664924,2.368796128345526e-05,9.072079377205504e-05,0.00013404344758673046,0.00016800116444339768,0.00019475883108470432,0.00021962902910348242,0.0002410726576369738,0.000261875860559134
274.0,-0.00010385011932886159,3.440856024357591e-05,9.975756204465116e-05,0.00014148998266704814,0.00017374197890453687,0.00020374061173648492,0.00022814078691032184,0.00025181743372363534,0.0002725657067481516
275.0,-9.296482961537637e-05,4.208477801153508e-05,0.00010665845802232458,0.0001490948826852629,0.0001824609231893671,0.00021157465448633293,0.00023727745927996105,0.00026090901181135385,0.0002817304005563262
276.0,-8.174098592658279e-05,5.204941186617419e-05,0.00011517371949664215,0.00015698048424866442,0.00019077192300829716,0.00021948102357127234,0.0002467767381841394,0.0002699191012104002,0.0002912524673524239
277.0,-7.222048228194201e-05,5.985035167395743e-05,0.00012309295848249543,0.0001652488263367707,0.00019841184094613633,0.0002297388920052678,0.0002550541809190217,0.00027937245039282,0.000300184224915233
278.0,-6.140619541834862e-05,6.902772310218366e-05,0.00013113304080916854,0.00017346965511661153,0.00020801206013807,0.00023888275654704292,0.00026463284528096116,0.0002895917551965467,0.00031087878061278085
279.0,-5.082213844529963e-05,7.772547360639484e-05,0.00013754727522608705,0.00018080129412013208,0.0002158036975324202,0.00024780114104511734,0.00027458690062674213,0.0002979380137936193,0.0003185058678368313
280.0,-3.837487157039052e-05,8.61842216241098e-05,0.00014539773158216084,0.00018854970851210666,0.00022425417634883957,0.00025566892474466156,0.00028321014792628574,0.00030798123892458246,0.000328673805752162
281.0,-2.896927758597619e-05,9.444447942396638e-05,0.00015430930158674144,0.00019702620242195108,0.00023281432638058542,0.00026520579337093955,0.0002929919177121702,0.00031697565813583787,0.0003382825241380635
282.0,-1.9526735511823897e-05,0.00010066083027655338,0.0001610241396044334,0.00020525642817448368,0.000242632632936047,0.00027495992876076526,0.0003042547241331978,0.0003256637499380033,0.0003470687599988705
283.0,-9.048119493380553e-06,0.00010894496406489652,0.00016682168663329964,0.00021368815651746673,0.00025154277125953166,0.0002839306062564029,0.00031051519533316217,0.000335998360204159,0.0003571609204321712
284.0,2.7888657752071933e-07,0.0001173075223587289,0.00017594318805819574,0.00022206888859342382,0.00026050569514122563,0.0002924849903685746,0.0003208887921874162,0.00034488563395738086,0.00036461880248211124
285.0,9.557421746223879e-06,0.00012401017764534174,0.0001845893881150751,0.00022980229292347644,0.0002696725839078313,0.00030204197062355437,0.00033004535065413247,0.0003528922133407149,0.0003740969741480258
286.0,1.9209915972339385e-05,0.00013155098947774074,0.00019131928970062245,0.0002386545779089114,0.0002784156717281316,0.0003109386302590129,0.0003393016881344566,0.0003619475846024454,0.000380804013859261
287.0,2.9606308196101727e-05,0.00013846213872699056,0.0001994727413434117,0.00024621187515430664,0.00028648887503574606,0.00031940795597042566,0.0003473644805555339,0.00036968181620065894,0.0003887532511211395
288.0,3.7398566485447686e-05,0.0001449139248571112,0.00020675374266708072,0.0002554618791750894,0.00029562636713432636,0.00032851715507785156,0.00035539862737303464,0.0003788458639902889,0.00039680037637355526
289.0,4.6188317440131966e-05,0.0001532989578368033,0.00021416113264581066,0.0002636328238278641,0.00030402975770903954,0.0003379986676220664,0.00036440797641736105,0.00038624146349446845,0.0004016298126698816
290.0,5.296722894930142e-05,0.00015845202777361377,0.0002225787743525218,0.0002727953166732254,0.00031417856677224055,0.0003475531962255914,0.00037224488602205405,0.00039292610658711304,0.00040801640028232544
291.0,6.194673160838313e-05,0.0001665004448286932,0.00023124177230959055,0.0002818249071776703,0.00032340956554970346,0.00035410440726139697,0.00038063322594307465,0.0003999530011732498,0.0004136726453301479
292.0,6.985629189948778e-05,0.00017382589725204145,0.00023835093833095752,0.0002904487028578285,0.00033137717405775426,0.00036282773332560854,0.00038702652319507554,0.0004069204687289159,0.0004188128107199871
293.0,7.807825589883098e-05,0.00018031202066649742,0.0002469648871792232,0.0002991372311179969,0.0003393943570427321,0.0003698105636444008,0.0003952883627201725,0.00041271262958521586,0.00042330752001158706
294.0,8.44528587321616e-05,0.00018736655012689628,0.0002560345681425785,0.00030834573948066194,0.0003474207241300137,0.0003784677898730888,0.00040065167892315334,0.0004158120864803817,0.0004270800865368427
295.0,9.293937770591938e-05,0.0001958366629518151,0.00026357385931534264,0.000315527277535788,0.0003568156169794495,0.000384748136896534,0.00040645364461142666,0.00042243782267062537,0.000431063604450242
296.0,0.00010010304554850973,0.00020275466488756572,0.0002718495186987538,0.000324800555543214,0.0003637534581380597,0.0003916287764703183,0.00041258147298959023,0.00042627387778275026,0.000432428573219596
297.0,0.00010568299364225778,0.0002105348540742209,0.00028114509321197954,0.0003336217500300213,0.00037121442499967,0.0003988141667045318,0.000417850467319299,0.0004280525707116547,0.0004351983551884624
298.0,0.00011332458621009258,0.00021782917081180999,0.00028905873078809814,0.0003423709286642575,0.000379101269238857,0.00040498465085609276,0.00042077472517907484,0.0004318673149922046,0.00043583944070878494
299.0,0.00012093755127326319,0.0002262937396234114,0.0002964598646159353,0.0003495421486649179,0.000385627882159248,0.00041065711664322257,0.0004269568466918714,0.00043373054536942796,0.00043574353003945833
300.0,0.00012670173311186622,0.00023452013240239306,0.0003056403625969499,0.00035694799163644335,0.00039252072020654267,0.00041490726509033613,0.0004289343827284068,0.00043638987371346537,0.00043658963167524946
301.0,0.00013335027674316104,0.00024163504539431502,0.0003140501981246293,0.00036588310527744026,0.00039796516702469666,0.0004201768511981092,0.00043141244381243797,0.0004375938192666911,0.00043476761458075285
302.0,0.0001398217215159801,0.000249005001147015,0.00032098786424273457,0.000371912462577469,0.0004044000144837485,0.0004257631516024923,0.00043404529969148656,0.00043747362023669183,0.000433149233552101
303.0,0.00014655779389889247,0.00025686925472588937,0.0003294186361409124,0.00037941814381698005,0.00040902273527943336,0.00042817311307988173,0.00043495627070976874,0.00043626337065396807,0.00043184352002339664
304.0,0.00015330492840153446,0.00026447999341932095,0.000336901827490772,0.0003867005248745579,0.0004146720242826825,0.0004308009290224645,0.0004361607628930551,0.00043579429083226635,0.00042926234295228096
305.0,0.00015802604584435478,0.00027232107096106364,0.000346716145243024,0.00039273398652280614,0.00041966271159626407,0.00043309938550775104,0.0004372413242853564,0.00043317778267818797,0.0004260299758465674
306.0,0.00016569413525372283,0.000279857525426128,0.00035291117711313256,0.00039817627539043103,0.0004233933406420449,0.0004349589088076347,0.00043629498733908765,0.0004304830761998186,0.0004206178600087087
307.0,0.00017170820724032344,0.0002886002619747994,0.0003614651163514484,0.0004037960259138346,0.000427330462792399,0.00043721237951724947,0.0004352049066367083,0.0004272392886011629,0.00041565550662661795
308.0,0.00017829150885705352,0.0002957707225158398,0.00036877323248654816,0.00040985710937911066,0.0004306886948412987,0.0004370480630766203,0.00043339795965295413,0.0004240016683252791,0.00041051696577889537
309.0,0.00018580889712298019,0.0003038959808604783,0.00037564166246153026,0.00041497082114295004,0.00043409926415726276,0.0004365913227954814,0.00043077225209030626,0.00042026075265921115,0.00040459048638990754
310.0,0.00019080427830216512,0.00031105068913761275,0.0003825667108564789,0.00041908010002301483,0.00043463853847811745,0.00043607080074202823,0.00042780551124549165,0.00041602371949419687,0.0003974116423816314
311.0,0.0001985021755922495,0.00032076779261168886,0.00038719365698069546,0.00042267309911386077,0.00043519012658840915,0.0004351632950144792,0.00042552210014447226,0.000408671909269941,0.0003906997071996393
312.0,0.00020605867088882462,0.0003270550950308852,0.0003942378495057649,0.00042607062811518174,0.00043623452704525046,0.00043195187398300405,0.00042043210893365196,0.0004038770728292544,0.00038319684573158853
313.0,0.0002126495954359266,0.00033481325715690546,0.00039983289000039167,0.00042951240959817987,0.00043664475952130704,0.00043035450133121513,0.0004160767823061815,0.0003967284989773564,0.0003749384112644886
314.0,0.00021863330248190672,0.0003425360443156768,0.0004053326695632143,0.0004322180050636124,0.0004356247511956674,0.0004272288380080258,0.00041068241963346664,0.00039054411297232317,0.00036618689478237873
315.0,0.00022535404102544127,0.0003497989271492014,0.0004103444967733024,0.00043431906949501853,0.0004342908891171642,0.00042286641502771135,0.00040494092134034436,0.0003824744176005511,0.00035844900798427307
316.0,0.00023373175583201142,0.0003562652668088574,0.00041501997849417813,0.000435680265870482,0.00043290962855184494,0.00041764293282996504,0.00039775246721641543,0.0003746867274266638,0.00034894581821149663
317.0,0.00024007686097918132,0.0003631826452473593,0.0004202224947121291,0.0004357047221845815,0.00043055608859219653,0.0004144598243623939,0.00039083080560039455,0.00036618569021131247,0.0003386200541489081
318.0,0.00024677993567160164,0.0003708724136798698,0.00042340305011264427,0.00043725156640888886,0.00042856516642992567,0.00040844265507030244,0.00038347137831507895,0.0003568556872504907,0.0003301968290511231
319.0,0.00025461716182888244,0.000376943330836603,0.0004260733827869091,0.0004368812674246167,0.0004248040897734514,0.0004024772376241568,0.0003761207779208101,0.00034808378595749007,0.00031912324490116276
320.0,0.00026102835934699553,0.0003832830516096328,0.0004296211558541696,0.0004350953705878268,0.0004220929411938479,0.00039678943051030426,0.0003689982414439587,0.00033785330915333113,0.000309683903166001
321.0,0.00026842913090454945,0.0003897129747499953,0.0004320133729680572,0.0004342237845240368,0.00041694087116829725,0.00038960283201512315,0.0003587381232505546,0.0003295905879683831,0.00030046087181471776
322.0,0.0002757716773842563,0.0003938460446974861,0.00043361764237767603,0.00043207144244138303,0.00041238763908534823,0.0003824848390324176,0.0003512611608066136,0.0003188385593070501,0.00028940780481452296
323.0,0.0002825072696394687,0.0004005281882013833,0.0004355259512535438,0.0004301668705535438,0.000406153359601191,0.00037545732281678886,0.00034062663090040317,0.0003096829036234062,0.0002795060592234156
324.0,0.00028992447931017456,0.00040559190318204945,0.00043688338701971754,0.00042818935629599346,0.0003999911800431976,0.00036696365467874865,0.0003336483617396042,0.00029929752172909945,0.000269658159818626
325.0,0.0002969882377348888,0.00040971376174043925,0.000436707546543715,0.00042356065116287597,0.00039433709499426395,0.00035928434561827225,0.00032339547188098056,0.0002894962884510694,0.00025710768475526867
326.0,0.00030396878731905766,0.00041451306233578365,0.0004368189172252739,0.00041953634892859503,0.00038699015751040173,0.0003509110146150918,0.0003127850989287582,0.00027750534085658324,0.0002473775762556037
327.0,0.00031156978293592056,0.0004187346090150107,0.0004373159594660301,0.0004150606678144681,0.0003799736256305219,0.0003412015175902805,0.00030382905974138646,0.0002685158579047783,0.00023702313839444377
328.0,0.0003175629842100319,0.000423009755355867,0.00043548313284003657,0.00040994573763705424,0.0003722912817188538,0.0003326659374230985,0.00029407895354910597,0.00025788940226360445,0.00022664633836267224
329.0,0.00032608706870358706,0.00042558492495694216,0.00043410209906026185,0.0004046818246704072,0.00036520024519665057,0.000322529591672982,0.00028363883459988173,0.0002472357083881665,0.0002152085691667404
330.0,0.0003329404028538396,0.0004294948196386647,0.00042953820050180817,0.00039961569974421193,0.00035575692241184275,0.0003127146978531759,0.0002733077231041621,0.00023768579963870195,0.0002061114264895757
331.0,0.00033967243204303656,0.0004315774315169835,0.0004277178161749322,0.0003930361853552745,0.00034779351947513174,0.00030361808353708363,0.0002638230675072271,0.00022735550954613198,0.0001976775323230919
332.0,0.00034411547792833523,0.0004318286393922564,0.000425808259872479,0.00038635599323851613,0.00033907471225058097,0.0002946305635872628,0.0002535480542581987,0.00021856982343095512,0.00018638935869665362
333.0,0.00035192681078299463,0.0004355461541581875,0.00042212113164729687,0.00037851353157237393,0.00032942493132793446,0.0002847407687953938,0.0002436248822635119,0.00020773586959529127,0.00017617560847198456
334.0,0.00035855403765319385,0.00043478784359795355,0.00041756004769828535,0.0003718032234869924,0.00032034968945372674,0.00027397208852873505,0.00023354217688151998,0.00019868013066140614,0.00016737348968234655
335.0,0.000364993731344548,0.00043730251206671594,0.00041242725739832573,0.00036334971995143013,0.0003109327128667144,0.00026513371751760303,0.00022363215752383081,0.0001885580319181804,0.00015768951127661366
336.0,0.00037086158890998675,0.00043726873581622185,0.0004087280200529047,0.0003559295547512736,0.00030297908122048253,0.0002546929779847527,0.00021325031892664037,0.0001783543401928857,0.0001488060416893564
337.0,0.00037771356594323185,0.00043629248913065017,0.0004030556582306261,0.0003478111331277151,0.000293553769855762,0.00024425010619546816,0.00020488707237795005,0.00017030626515282012,0.00014128172765608544
338.0,0.0003825699220871486,0.0004350076686164847,0.00039790269184035736,0.0003412316232465961,0.00028366459963962716,0.00023604340117615826,0.0001943008691481599,0.00016053150153929962,0.00013219003846639762
339.0,0.00038767871882408426,0.00043427413896432866,0.00039120132977273845,0.0003312345478763442,0.0002742466353135688,0.00022636179990142318,0.0001845221381197719,0.0001510880936573783,0.0001236182588642733
340.0,0.00039387126509721063,0.0004322802818524782,0.0003845591019029212,0.0003222478151385337,0.0002646808927378412,0.00021624798304477772,0.0001746894945265988,0.0001414646198555382,0.00011570516192035042
341.0,0.00039868705737238863,0.00043096859403595514,0.0003776564558018173,0.0003146325696090756,0.00025533896080528177,0.00020673595716704676,0.00016738148252360956,0.00013452678621324597,0.00010820879449713475
342.0,0.0004015995217175214,0.0004279936411782254,0.0003706049921504807,0.00030510585824614225,0.000245152179595391,0.00019787425540244917,0.00015736660935517088,0.0001266819154475114,0.0001017645242136313
343.0,0.00040726149752240334,0.0004253029084284919,0.0003642014270583378,0.0002950397861031652,0.00023660853175171262,0.00018845982649926451,0.00014913641219683668,0.00011854611203101787,9.366991696447721e-05
344.0,0.00041198278544247086,0.0004232183398209534,0.00035610496436168544,0.00028529926942505657,0.0002273905621778895,0.0001794692071230615,0.00014160721321167106,0.00011073899840392736,8.741600577503813e-05
345.0,0.0004153733243859926,0.00041802057954882897,0.0003487771096888426,0.00027609918155973125,0.00021651475686972868,0.00017049613742523798,0.00013319942287273758,0.00010348540560038125,8.208427549525948e-05
346.0,0.00041866503197383523,0.000414697695501586,0.0003402984882967926,0.00026760330179609017,0.0002080575831311349,0.00016117770743083844,0.0001245746532568657,9.716144716333238e-05,7.414532338943799e-05
347.0,0.0004231073248121326,0.0004107323367943497,0.00033278282060739584,0.0002581107365766962,0.00019875702687599132,0.00015275846263300435,0.00011786705585689732,9.013519805961419e-05,7.025925160401726e-05
348.0,0.00042518336579495486,0.000405764402572165,0.00032398980954113953,0.0002492095555202511,0.00019011047110831846,0.00014351795730498766,0.00011039283102277458,8.320778281280411e-05,6.291748804906764e-05
349.0,0.000427687073622004,0.0003999782114876631,0.0003161025272190555,0.00023957405007046198,0.00018042096928272733,0.00013541250959998004,0.00010276576916319547,7.820182930256083e-05,5.8286089553144276e-05
350.0,0.0004305055807465684,0.00039456652674268105,0.0003067934676422706,0.00023044243625660736,0.00017280307222141311,0.00012800596766615778,9.497247545694852e-05,7.27013470129692e-05,5.3481056666839154e-05
351.0,0.00043187247308518846,0.00038801903054954567,0.00029883761275905317,0.00022221859069324507,0.00016317677473003984,0.00012088630184693548,8.989919227697803e-05,6.650738903069806e-05,4.8913861800837674e-05
352.0,0.0004337679929248438,0.00038200095048099796,0.00028915149623016614,0.0002127890516285632,0.00015505723293980831,0.0001136882815083475,8.262150329432444e-05,6.0372120011720136e-05,4.4316717287157656e-05
353.0,0.000435374649218687,0.00037570544652111516,0.0002804644299454347,0.00020334796735454094,0.00014713892261139828,0.00010626916299624532,7.719820767237714e-05,5.5272825583663426e-05,3.9852388714004565e-05
354.0,0.0004364540240073518,0.0003696142322770551,0.00027203535916297015,0.00019452065693559265,0.0001405921687195391,9.868998615653529e-05,7.109502834902752e-05,5.035101474400846e-05,3.649914841950221e-05
355.0,0.0004371786714104629,0.00036179616932104,0.00026267011157143466,0.0001854909723034748,0.00013115758518450488,9.28200688311606e-05,6.504319844450404e-05,4.69011489111363e-05,3.281879996407259e-05
356.0,0.0004366162896791268,0.0003547963738822232,0.00025308842543174387,0.00017813723769623239,0.0001230001169658173,8.678076557313351e-05,6.001761034999609e-05,4.21559046629632e-05,2.888645722458206e-05
357.0,0.0004374812143593521,0.00034769796722063844,0.00024520538764912235,0.00016970881962145526,0.0001179237367872554,8.014982365556925e-05,5.575813287981954e-05,3.795279848912478e-05,2.7065705163293266e-05
358.0,0.000436730669847019,0.0003398131181503868,0.00023469731876656045,0.00016039070949872242,0.00010970630650363504,7.527697877477227e-05,5.056834747965947e-05,3.3728975893323e-05,2.3800503094376128e-05
359.0,0.0004363830874842326,0.0003331012377105967,0.00022754018827036897,0.00015380183044075684,0.00010382800968993677,6.929957256075094e-05,4.697617113492456e-05,3.20245326571869e-05,2.0839618272032212e-05
360.0,0.0004334674689245716,0.00032464711410412704,0.00021818020194808,0.0001453365976357027,9.698675111605759e-05,6.365347148350933e-05,4.2524063960423405e-05,2.91148816062057e-05,1.7408918257506664e-05
361.0,0.00043252481454345595,0.0003173142891601533,0.00021052835551779768,0.00013826669620549937,9.028601852382144e-05,5.8678380341568085e-05,3.85566958667034e-05,2.637372917297129e-05,1.7314730365677968e-05
362.0,0.0004292785669112171,0.00030862509657293463,0.00020043336547127458,0.00012987318630320672,8.338649703576287e-05,5.552205270838262e-05,3.523426802336732e-05,2.356019210676582e-05,1.549820799806874e-05
363.0,0.0004265146951604243,0.00030109839236484534,0.00019281317488172882,0.0001227277580605389,7.898151509984397e-05,5.046756303401946e-05,3.211958061769761e-05,1.921845300628791e-05,1.2582352769982507e-05
364.0,0.00042514902443453035,0.0002931230705741847,0.00018549117876573578,0.00011669741611741258,7.16973723250459e-05,4.4684173713645744e-05,2.7967799192222273e-05,1.801984864526379e-05,1.1140812067278598e-05
365.0,0.00042084396296614097,0.0002833656326648703,0.00017792049920365802,0.0001093582040927734,6.708664173024254e-05,4.153181817211568e-05,2.5958012852249902e-05,1.677918621027693e-05,9.407748015086183e-06
366.0,0.0004180460753102578,0.00027608505109183733,0.00016832609177697613,0.00010284348471818051,6.360348596479489e-05,3.7526408553532056e-05,2.3459527774012502e-05,1.3724213509909642e-05,9.128952711445028e-06
367.0,0.0004142010253432221,0.00026882716942127873,0.00016142184638409264,9.591475755048078e-05,5.677013206839144e-05,3.372476475060174e-05,2.0525558718407905e-05,1.13960170250606e-05,7.313519566559677e-06
368.0,0.00041050023743875903,0.000258943335283668,0.00015385526754336406,9.030124930851813e-05,5.397877812577001e-05,3.192098614855265e-05,1.8276812651670413e-05,1.1139945937551184e-05,6.230483403702931e-06
369.0,0.00040545134243411744,0.0002508963635542282,0.0001457876218744392,8.446078203263726e-05,4.829984624590507e-05,2.851066450400295e-05,1.6903093166967736e-05,1.0372606253481973e-05,6.282755625006647e-06
370.0,0.00040020159672636443,0.00024380446985710944,0.00013839929990158725,7.852404197728156e-05,4.4704773988819594e-05,2.6427713352280488e-05,1.4882085588892004e-05,8.172699340634038e-06,4.3830062993338854e-06
371.0,0.0003967350778347695,0.0002341107089042626,0.00013210684576851436,7.444433824495541e-05,4.160070665474639e-05,2.3869776482972902e-05,1.3232232902284924e-05,8.021283271511465e-06,3.923456682855713e-06
372.0,0.00039318499517485754,0.00022573665610320598,0.0001245939364786813,6.842279020809051e-05,3.810481119752598e-05,1.9611539416521815e-05,1.1583656665216658e-05,5.439177282915408e-06,3.161838732690073e-06
373.0,0.0003866291199661365,0.00021772790306062004,0.00011730223478947189,6.37537125475123e-05,3.4304408551319195e-05,1.8304039618910542e-05,9.293529602247243e-06,5.941321327900406e-06,2.5002618905859495e-06
374.0,0.00038128284405288925,0.00021006727492630878,0.00011117854851691243,5.866980216201568e-05,3.0256590584342772e-05,1.6074421310191933e-05,1.0192642662465118e-05,3.8082159077060668e-06,2.2881031666507424e-06
375.0,0.0003748994828375311,0.0002018107840932108,0.00010542954291226172,5.3959596683799175e-05,2.689042159782754e-05,1.5308042172261024e-05,8.430785195944079e-06,4.320439270742192e-06,1.8087083569154645e-06
376.0,0.000368790959250455,0.000193888719400051,9.784725605333628e-05,5.037616462824436e-05,2.5083079534679614e-05,1.2406341488814991e-05,6.465804495534027e-06,3.548348389955209e-06,1.6052138833787128e-06
377.0,0.0003621734561794515,0.0001862522645836476,9.276260454917703e-05,4.641650197178305e-05,2.241646958358742e-05,1.0962569254552609e-05,6.021151618951111e-06,3.0688363222218612e-06,1.303532516178184e-06
378.0,0.0003565574561015838,0.00017927116112720156,8.746442362080242e-05,4.292867193180672e-05,2.0063061637069317e-05,1.064442888677954e-05,5.672273841562458e-06,2.8804698872534436e-06,5.353678579699453e-07
379.0,0.00034877980991498877,0.00017126019530823785,8.149914303288838e-05,3.867586505096783e-05,1.8818473045779833e-05,9.47552335177072e-06,4.243143152225481e-06,2.4432847085326876e-06,8.806029518670915e-07
380.0,0.00034277210298537845,0.000163024396443687,7.639867256802487e-05,3.570248839348153e-05,1.6406062101197684e-05,8.537648750191757e-06,4.327928272363219e-06,1.969609507128011e-06,9.184441259899808e-07
381.0,0.00033584934619023733,0.0001567886330226305,7.115852323000468e-05,3.2038647730097213e-05,1.4730084141485393e-05,7.465162163027141e-06,3.2192239739932364e-06,1.3719591046477304e-06,1.783802624423277e-06
382.0,0.00032860420055810883,0.0001490567468597449,6.72475499153098e-05,3.017567866722099e-05,1.3469553801484539e-05,6.5197552481131154e-06,3.8824150933413576e-06,-7.680683000960877e-08,1.0523845953809891e-07
383.0,0.0003214581667701433,0.00014338025587266678,6.176138277286287e-05,2.6837222474002095e-05,1.1126900898810904e-05,7.051237711875362e-06,1.4222592641214111e-06,8.82991805956391e-07,-3.1865838712766014e-07
384.0,0.0003144598559256384,0.00013665403537637094,5.738327962984671e-05,2.3294371913166213e-05,1.1009602761925466e-05,5.335615363610514e-06,7.740290579138979e-07,7.293436256057434e-07,3.16340726206342e-07
385.0,0.0003082062057219042,0.00012917191155380827,5.385833115365954e-05,2.1666560240910997e-05,9.466597422879427e-06,3.5953306681707254e-06,7.960353985119156e-07,6.936237992457251e-07,6.379498492852255e-07
386.0,0.0002998575854885566,0.0001225261897913867,4.977396488005761e-05,2.0540891387001338e-05,7.746379853016576e-06,4.020057274323234e-06,1.4228064761821245e-06,1.4851180251780368e-07,3.5103558868013515e-07
387.0,0.00029448026176712036,0.00011560981162963336,4.685557211848864e-05,1.85931193406979e-05,6.385242668541514e-06,2.105485026643685e-06,1.5901389277640706e-06,-4.88501212133113e-07,4.665370365469511e-07
388.0,0.0002842799646848861,0.00011031181409118002,4.19861454808084e-05,1.666927516593672e-05,5.969031590204486e-06,3.611980536957583e-06,7.577050468590033e-07,5.845922345114564e-07,4.7334807050523496e-07
389.0,0.00027821904752061116,0.00010475864597795861,3.933667452716977e-05,1.5050585175394513e-05,5.103135206224225e-06,2.4108733881957575e-06,9.937770409975694e-07,-6.72965011298242e-07,2.7559704817721183e-07
390.0,0.0002704582160003343,9.896105111127314e-05,3.593944452942054e-05,1.3438559533898404e-05,5.1839198307134285e-06,1.8656736179631875e-06,1.420200869405352e-06,5.161672414980161e-07,7.597806451010945e-07
391.0,0.0002634565646240276,9.381991694227405e-05,3.3278574520119794e-05,1.1963518328749054e-05,4.27274785647792e-06,1.541933702710614e-06,3.682671351315068e-07,6.24966108395129e-07,-3.238141625177348e-07
392.0,0.00025509564336656987,8.77872205283931e-05,2.90714874961947e-05,1.0174349157781417e-05,4.1453193807338816e-06,1.620986455778959e-06,5.995591536274015e-07,-2.3646931182236607e-07,-9.066867963010047e-07
393.0,0.00024809946875303286,8.325020071786948e-05,2.713306053215455e-05,9.265272127289193e-06,3.1949567962396204e-06,1.5162012329404448e-06,9.178317871677283e-07,6.423904920043305e-08,-1.3822314376819836e-06
394.0,0.00024101306859930643,7.887157609144916e-05,2.4715358209177848e-05,8.375084063051398e-06,1.855492263510304e-06,9.634058169186933e-07,-4.51561767723319e-07,-2.2493393226016515e-07,-2.495265342499303e-07
395.0,0.00023301501012522956,7.271066143007663e-05,2.1494735236530795e-05,7.453842060492325e-06,1.2502668880616605e-06,7.446679570798984e-07,7.18266875212415e-07,-5.785156681237633e-07,4.637752353062724e-07
396.0,0.00022638085408528528,6.826480800149362e-05,2.0756060971932682e-05,6.251751347787262e-06,1.849515225913319e-06,-7.191221051847291e-08,5.930655307279998e-07,5.980678990214017e-07,-3.724794654037779e-08
397.0,0.00021955380061636372,6.416920450292023e-05,1.890017123237643e-05,5.367668422794942e-06,1.9027977767222762e-06,1.931555339147833e-07,-5.152177349751485e-07,1.0858310057136149e-06,-9.443296558342813e-07
398.0,0.00021239198599795793,6.038261730298561e-05,1.6724043122895718e-05,6.131355126737445e-06,1.3767721244961553e-06,4.382141769942811e-07,9.9145454777519e-07,-1.316785917243296e-07,-2.0814548864631958e-07
399.0,0.00020504040522241576,5.660271089989483e-05,1.5666016986815216e-05,5.426994083507452e-06,1.3500075896332618e-06,4.3534383617870243e-07,9.394150661791145e-07,-1.597815736249269e-07,-1.0460653589109085e-06
400.0,0.00019779242165571218,5.148330767749618e-05,1.4059504136188193e-05,2.4197424712970256e-06,1.5542661941738883e-06,-1.7202903701857668e-08,1.0257052666887524e-06,4.473778315421915e-07,-1.0038615598020833e-06
401.0,0.00019042910672455795,4.883794848122668e-05,1.2562504104650253e-05,2.35125231461257e-06,4.695550966149099e-07,-3.757029361786913e-07,-8.687702572189333e-07,7.901785534946254e-07,7.497412277156589e-07
402.0,0.00018357781393274275,4.569317030431623e-05,1.0674756490133756e-05,2.8280298494399146e-06,1.7558086040961436e-06,-4.1327545210918157e-07,6.747931718120555e-08,1.466413941133509e-06,2.641749092157892e-07
403.0,0.00017644620174140431,4.1330865502218884e-05,1.0025431215111171e-05,3.1539288873347875e-06,-7.584205584525295e-07,1.0773467147179175e-06,-6.346147470378186e-07,-1.1367649463062106e-07,-9.108162576319098e-07
404.0,0.00017062026475106335,3.927258613255439e-05,8.131133101295609e-06,2.3818194818178574e-06,7.152449171589468e-07,4.828350934836852e-07,4.002691415939048e-07,-1.917726887107636e-08,-5.107497297857645e-07
405.0,0.00016406733685586438,3.645450469350779e-05,8.50296722621067e-06,2.42348464340666e-06,7.859748130430762e-07,2.9468076571487904e-07,9.002142499964074e-08,-1.3085293080918068e-06,1.4412958438218339e-06
406.0,0.00015720024501742733,3.243410438849298e-05,6.408543179616457e-06,1.2816160440460652e-06,-5.283919459902765e-07,9.920689343133655e-07,-4.834316069791875e-07,-6.668897878583391e-07,9.154963789744161e-08
407.0,0.00015115624146862325,3.081424986363597e-05,5.789165201390927e-06,1.8186832724780105e-06,-2.739767637754567e-07,-1.1460804276120831e-06,1.2457303039096472e-06,-6.167197601712321e-07,1.0245159598673368e-06
408.0,0.00014519225477132777,2.7517156016755973e-05,5.664930186435086e-06,-3.2436626306487704e-07,3.363719350085028e-08,-1.0305998630155818e-07,4.639628650922144e-07,1.220506994037393e-07,-1.1322831150083284e-07
409.0,0.0001391554418621897,2.4419989023109613e-05,5.672782934464454e-06,4.6464732706665447e-07,4.9732400826661e-07,-4.439470550803688e-07,-2.0513233923048973e-07,5.357467467844471e-07,-3.1613638286492544e-09
410.0,0.00013321030629056852,2.3491015527959475e-05,5.073193903565519e-06,1.4047090365761986e-06,4.6759645582702824e-07,6.33309795332062e-08,-3.376394249527472e-07,-1.9107401870209854e-07,4.997962104153489e-07
411.0,0.00012757101213114016,2.2165328947457014e-05,3.204733807998078e-06,5.067728718081313e-07,-4.024004081699438e-08,-9.074659445487028e-07,3.875975288654983e-07,-3.251561256745845e-07,3.3822169072230016e-07
412.0,0.0001208545102966535,2.0198819078930663e-05,3.6480647437667698e-06,2.9623693111482128e-08,7.412152052666613e-07,-3.2573198245408805e-07,-5.39300126854925e-07,1.1576673461346586e-06,4.597833107098575e-07
413.0,0.00011562031813977507,1.825645619160264e-05,2.3707873272814272e-06,4.910971298128554e-07,1.8131610721921596e-07,-1.044052033574405e-06,-1.2803051120743576e-07,1.3258000332115092e-07,-3.107065084116418e-07
414.0,0.00011112538511671505,1.5858291120037368e-05,3.115391598377078e-06,-1.8768479058848764e-07,4.824007410156968e-07,5.60016024605498e-07,-7.414230701507027e-07,1.5551725553340441e-07,-1.100252908020807e-06
415.0,0.00010585456191428419,1.4248127372027071e-05,2.047587820500892e-06,-9.911529328402213e-09,-1.0628104691722793e-06,6.5536990474444416e-09,-1.1042428265536947e-07,4.919613538622921e-07,-7.675308657524307e-07
416.0,9.939302778678832e-05,1.3280509527996108e-05,6.144544877471402e-07,1.2431236301955697e-06,-1.2878318218793903e-06,3.632884374977523e-07,-3.015424730793664e-07,-1.6772931428947807e-07,-9.821874821702926e-08
417.0,9.536154552697003e-05,1.2544459707224787e-05,1.7497888153969797e-06,8.08952710786548e-07,8.189129027855464e-08,-1.6281786024090124e-07,-4.9653927521891624e-08,3.6202215327967983e-07,1.7364931056497511e-07
418.0,9.09925665211886e-05,1.1304312654483035e-05,9.121904751935625e-07,1.8147540521664423e-07,-9.514397176288009e-07,-6.685586011533282e-07,9.699039336853835e-07,-9.429832017200057e-08,1.1626481820429604e-06
419.0,8.630615274125665e-05,1.0007532476335637e-05,2.851703057083907e-07,4.7459398465769595e-07,6.158845876141038e-07,-5.146464978117979e-07,1.1689855693548148e-07,8.4282278914613e-08,1.050201859820555e-07
420.0,8.214654332574241e-05,8.565190131488778e-06,1.2439996259255754e-06,1.5763486914212744e-07,-1.4357224935945284e-06,2.0543731955890572e-07,-6.097785181341015e-07,2.1248339998706362e-07,-1.331360206947259e-06
421.0,7.680316024026672e-05,8.691601445076008e-06,3.9684160987163154e-07,9.036371222044276e-07,-7.862236150150242e-07,-1.0379780357916942e-07,2.849743425398126e-07,1.632451661454929e-07,2.3047957353801902e-07
422.0,7.125376091655851e-05,6.537979232295703e-06,3.5538578440724726e-07,4.341762861050661e-07,7.595511295666428e-08,1.8495670644605607e-07,-8.5494358695569e-08,7.523173990088663e-07,-2.538204735096452e-07
423.0,6.845688902052855e-05,6.788326083195164e-06,1.3734853363413028e-07,2.708572153349231e-07,1.3590470136617337e-06,4.402656547922054e-08,9.478377818795141e-08,-5.659531963307236e-07,-9.326237038625012e-07
424.0,6.434406894940271e-05,5.843933832058008e-06,-5.563615615454047e-07,4.445373770367673e-07,-2.3367523378574316e-07,2.4343218511005466e-07,7.726701106349176e-07,-1.4882819052700012e-07,-5.177116731439255e-07
425.0,6.056587205283787e-05,5.487239381557784e-06,1.2261105640547338e-07,-1.1350223210906781e-07,-7.987708054889606e-07,2.2982951785479527e-07,7.453850873399089e-07,9.980344144478892e-08,-6.123487348362627e-07
426.0,5.744446524067299e-05,4.421112013537579e-06,1.0469522196492254e-06,-4.2209186144813884e-07,1.3553573830638672e-06,-2.7041284096421845e-07,1.075287137581553e-06,7.643058808994011e-07,-1.064969375177943e-06
427.0,5.470541909984819e-05,4.156059197482612e-06,-4.479129598565424e-07,-4.838371804619934e-07,8.02014605488907e-07,-3.296478408282353e-07,-7.480947948601427e-07,7.945133155177225e-07,1.0778549315975627e-07
428.0,5.157744362043102e-05,4.274440189180819e-06,-5.047295350967234e-07,-4.307654231748792e-07,-1.9088271943422312e-07,-6.831203504647351e-07,-3.792477709216485e-07,-4.674602629495885e-07,5.128633869222235e-07
429.0,4.818412759883362e-05,3.1305751590729083e-06,5.366780155944962e-07,-5.517288521594513e-07,-1.073446217966243e-06,4.557450278180042e-08,6.096193433414593e-07,9.136966791170614e-07,4.342356344720828e-07
430.0,4.4849878589686346e-05,2.6995528936172906e-06,-6.990755092584731e-07,-6.144813049140984e-07,-6.237765452012678e-07,-3.97772160816293e-07,4.396237893891766e-07,7.492549016397983e-07,-8.472423762701724e-07
431.0,4.098242328383773e-05,2.6332414081124185e-06,-2.0584126021222375e-07,-8.166069826646077e-08,1.5610567261109995e-07,2.983911957451247e-07,5.83077794905236e-07,2.1567815214417372e-07,3.465391820139779e-07
432.0,3.880465162109681e-05,1.7995790859383149e-06,2.5190544588693437e-07,7.367726484885856e-07,-5.313416153593291e-07,2.406698956486449e-08,3.5196607196164206e-08,-8.490553640875618e-07,5.651021170470082e-07
433.0,3.658001115361638e-05,1.236275354791109e-06,1.6991694412931015e-07,-1.0381849868764185e-06,-1.381713612858624e-07,1.0345486045952714e-07,7.539966892082997e-07,8.829670031803528e-07,3.719076121051656e-07
434.0,3.3603475979906114e-05,1.7133183741478241e-06,-8.82459994819872e-07,1.9476214346347676e-07,1.376904946405001e-06,-3.9791095726340594e-07,2.070422951515567e-07,1.5766836818485932e-07,-7.156342088736108e-08
435.0,3.1949885887635115e-05,1.4521424809606217e-06,-5.221798677773091e-07,-2.341029328947087e-07,-4.904097899477836e-07,-4.6139463576083735e-07,-1.0921316609059364e-06,-6.137074281210423e-07,-2.4552229650909037e-07
436.0,2.9260598227806777e-05,1.4726675778348119e-06,9.063790897368711e-07,1.9439018515766138e-07,-3.16247021435419e-07,2.1045544709046854e-07,1.2007539204323657e-07,-8.676957507719351e-07,2.0535625087354943e-07
437.0,2.670714876227026e-05,1.3647462056898237e-07,-3.2095228742846167e-07,-9.837126999527175e-07,-2.5766453580813654e-07,-1.1353089192675885e-07,-9.673561695380978e-07,1.607547001006771e-07,-7.055394306872554e-07
438.0,2.5663421213262218e-05,1.6368313652040484e-06,7.917569172366228e-07,-7.74073086598366e-07,-3.87083103019619e-08,-3.092267229223428e-08,-7.088891694493745e-07,-9.963941221926887e-07,-1.032044575538778e-07
439.0,2.3464101890559935e-05,9.96144533492631e-07,-4.890446697661496e-07,-6.448152859368774e-08,-8.056062784809875e-08,-3.253051516216683e-07,-9.795584120703745e-07,-9.703903922814616e-07,4.511632288740658e-07
440.0,2.128332423903276e-05,5.666362170384128e-07,-2.4791583729730385e-07,8.011652549111615e-07,-4.357706010141627e-07,-5.429212982024155e-08,-6.620461584887737e-07,2.245091510166329e-07,1.22569996981093e-06
441.0,1.9068571001628234e-05,2.6131517261408663e-07,3.967322421411609e-07,3.6831100251424564e-08,-9.185685485727815e-07,-1.119275477168618e-07,-1.0403730409822734e-08,-3.0645697224492607e-07,-3.944666186989017e-07
442.0,1.772960563006662e-05,-5.401040862819197e-07,-1.967446134068149e-07,-8.483117274563521e-07,-7.249212499688863e-07,-1.342621364376031e-07,-7.686077480482526e-07,2.012792688283584e-08,-8.962088230418187e-09
443.0,1.766748647216796e-05,2.7224627273982414e-07,3.105142183436299e-08,-7.717322978037817e-07,-5.145849403054563e-07,-8.584595949879328e-07,5.831160768445855e-07,1.7896135699688703e-07,3.627318069223711e-07
444.0,1.565331997494846e-05,2.630099216157464e-07,4.724018788457173e-07,2.3086918782629246e-07,5.599671393361689e-07,5.50165343397192e-07,9.791064629098572e-07,-9.71061002072519e-07,6.147124517683377e-07
445.0,1.391282630608396e-05,-3.4223512063751655e-07,1.956535592706086e-08,2.566163394537857e-07,-4.854579965782184e-07,-6.086078574164469e-07,-9.716436402039758e-08,5.619191373250262e-07,1.2515678322814448e-07
446.0,1.2989366616845682e-05,2.5410595134652935e-07,1.0176311637345172e-06,-3.502755699711818e-07,1.9169985177873625e-07,9.656141671608231e-07,-5.341313945599732e-07,-4.3288922234919276e-07,2.6910965403177344e-08
447.0,1.2337303533697657e-05,-8.006367196753297e-09,5.455056678599072e-07,-1.0342831745654126e-06,-6.292064524100214e-07,5.425992466702636e-07,-1.4694332217156228e-06,-6.494660443130607e-07,6.526748077385123e-08
448.0,1.0729870336904648e-05,1.1085455136039572e-06,8.907437721320699e-08,-1.6508186275293142e-07,2.700028960657767e-07,-5.4833017559453556e-08,-2.552018899500945e-07,-7.017020129113694e-07,2.2502502878654231e-07
